teamID,city,country,year,metro_population,metro_population_lag3avg
ARI,Phoenix,US,2009,4151634,NA
ARI,Phoenix,US,2010,4080707,NA
ARI,Phoenix,US,2011,4150083,NA
ARI,Phoenix,US,2012,4210193,4127474.6666666665
ARI,Phoenix,US,2013,4268289,4146994.3333333335
ARI,Phoenix,US,2014,4337542,4209521.666666667
ARI,Phoenix,US,2015,4407915,4272008
ARI,Phoenix,US,2016,4486153,4337915.333333333
ARI,Phoenix,US,2017,4561038,4410536.666666667
ARI,Phoenix,US,2018,4673634,4485035.333333333
ARI,Phoenix,US,2019,4761603,4573608.333333333
ARI,Phoenix,US,2020,4860338,4665425
ARI,Phoenix,US,2021,4787811,4765191.666666667
ARI,Phoenix,US,2022,4864209,4803250.666666667
ARI,Phoenix,US,2023,4941206,4837452.666666667
ARI,Phoenix,US,2024,5028754,4864408.666666667
ATL,Atlanta,US,2009,5238994,NA
ATL,Atlanta,US,2010,5125113,NA
ATL,Atlanta,US,2011,5213854,NA
ATL,Atlanta,US,2012,5291701,5192653.666666667
ATL,Atlanta,US,2013,5379176,5210222.666666667
ATL,Atlanta,US,2014,5455053,5294910.333333333
ATL,Atlanta,US,2015,5535837,5375310
ATL,Atlanta,US,2016,5612777,5456688.666666667
ATL,Atlanta,US,2017,5700990,5534555.666666667
ATL,Atlanta,US,2018,5779463,5616534.666666667
ATL,Atlanta,US,2019,5862424,5697743.333333333
ATL,Atlanta,US,2020,5947008,5780959
ATL,Atlanta,US,2021,6026734,5862965
ATL,Atlanta,US,2022,6094752,5945388.666666667
ATL,Atlanta,US,2023,6176937,6022831.333333333
ATL,Atlanta,US,2024,6256377,6099474.333333333
BAL,Baltimore,US,2009,2669987,NA
BAL,Baltimore,US,2010,2683160,NA
BAL,Baltimore,US,2011,2697421,NA
BAL,Baltimore,US,2012,2715650,2683522.6666666665
BAL,Baltimore,US,2013,2734044,2698743.6666666665
BAL,Baltimore,US,2014,2753396,2715705
BAL,Baltimore,US,2015,2769818,2734363.3333333335
BAL,Baltimore,US,2016,2780873,2752419.3333333335
BAL,Baltimore,US,2017,2792050,2768029
BAL,Baltimore,US,2018,2793250,2780913.6666666665
BAL,Baltimore,US,2019,2796733,2788724.3333333335
BAL,Baltimore,US,2020,2800427,2794011
BAL,Baltimore,US,2021,2837237,2796803.3333333335
BAL,Baltimore,US,2022,2840005,2811465.6666666665
BAL,Baltimore,US,2023,2839409,2825889.6666666665
BAL,Baltimore,US,2024,2849436,2838883.6666666665
BOS,Boston,US,2009,4513934,NA
BOS,Boston,US,2010,4489250,NA
BOS,Boston,US,2011,4521737,NA
BOS,Boston,US,2012,4563673,4508307
BOS,Boston,US,2013,4604278,4524886.666666667
BOS,Boston,US,2014,4650876,4563229.333333333
BOS,Boston,US,2015,4694565,4606275.666666667
BOS,Boston,US,2016,4728844,4649906.333333333
BOS,Boston,US,2017,4771936,4691428.333333333
BOS,Boston,US,2018,4811732,4731781.666666667
BOS,Boston,US,2019,4832346,4770837.333333333
BOS,Boston,US,2020,4854808,4805338
BOS,Boston,US,2021,4912030,4832962
BOS,Boston,US,2022,4912449,4866394.666666667
BOS,Boston,US,2023,4917661,4893095.666666667
BOS,Boston,US,2024,4953354,4914046.666666667
CHA,Chicago,US,2009,9461816,NA
CHA,Chicago,US,2010,9384661,NA
CHA,Chicago,US,2011,9425706,NA
CHA,Chicago,US,2012,9460763,9424061
CHA,Chicago,US,2013,9488493,9423710
CHA,Chicago,US,2014,9516448,9458320.666666666
CHA,Chicago,US,2015,9534008,9488568
CHA,Chicago,US,2016,9528396,9512983
CHA,Chicago,US,2017,9549229,9526284
CHA,Chicago,US,2018,9536428,9537211
CHA,Chicago,US,2019,9508605,9538017.666666666
CHA,Chicago,US,2020,9478801,9531420.666666666
CHA,Chicago,US,2021,9607711,9507944.666666666
CHA,Chicago,US,2022,9566955,9531705.666666666
CHA,Chicago,US,2023,9359555,9551155.666666666
CHA,Chicago,US,2024,9371595,9511407
CHN,Chicago,US,2009,9461816,NA
CHN,Chicago,US,2010,9384661,NA
CHN,Chicago,US,2011,9425706,NA
CHN,Chicago,US,2012,9460763,9424061
CHN,Chicago,US,2013,9488493,9423710
CHN,Chicago,US,2014,9516448,9458320.666666666
CHN,Chicago,US,2015,9534008,9488568
CHN,Chicago,US,2016,9528396,9512983
CHN,Chicago,US,2017,9549229,9526284
CHN,Chicago,US,2018,9536428,9537211
CHN,Chicago,US,2019,9508605,9538017.666666666
CHN,Chicago,US,2020,9478801,9531420.666666666
CHN,Chicago,US,2021,9607711,9507944.666666666
CHN,Chicago,US,2022,9566955,9531705.666666666
CHN,Chicago,US,2023,9359555,9551155.666666666
CHN,Chicago,US,2024,9371595,9511407
CIN,Cincinnati,US,2009,2140796,NA
CIN,Cincinnati,US,2010,2110398,NA
CIN,Cincinnati,US,2011,2120924,NA
CIN,Cincinnati,US,2012,2129745,2124039.3333333335
CIN,Cincinnati,US,2013,2122940,2120355.6666666665
CIN,Cincinnati,US,2014,2131793,2124536.3333333335
CIN,Cincinnati,US,2015,2139466,2128159.3333333335
CIN,Cincinnati,US,2016,2146410,2131399.6666666665
CIN,Cincinnati,US,2017,2156723,2139223
CIN,Cincinnati,US,2018,2168825,2147533
CIN,Cincinnati,US,2019,2201741,2157319.3333333335
CIN,Cincinnati,US,2020,2214265,2175763
CIN,Cincinnati,US,2021,2244329,2194943.6666666665
CIN,Cincinnati,US,2022,2253528,2220111.6666666665
CIN,Cincinnati,US,2023,2255257,2237374
CIN,Cincinnati,US,2024,2270706,2251038
CLE,Cleveland,US,2009,2101821,NA
CLE,Cleveland,US,2010,2086589,NA
CLE,Cleveland,US,2011,2080318,NA
CLE,Cleveland,US,2012,2074824,2089576
CLE,Cleveland,US,2013,2070965,2080577
CLE,Cleveland,US,2014,2067490,2075369
CLE,Cleveland,US,2015,2064483,2071093
CLE,Cleveland,US,2016,2061630,2067646
CLE,Cleveland,US,2017,2062764,2064534.3333333333
CLE,Cleveland,US,2018,2061766,2062959
CLE,Cleveland,US,2019,2056898,2062053.3333333333
CLE,Cleveland,US,2020,2053137,2060476
CLE,Cleveland,US,2021,2084462,2057267
CLE,Cleveland,US,2022,2079759,2064832.3333333333
CLE,Cleveland,US,2023,NA,2072452.6666666667
CLE,Cleveland,US,2024,NA,NA
COL,Denver,US,2009,2451038,NA
COL,Denver,US,2010,2464415,NA
COL,Denver,US,2011,2509230,NA
COL,Denver,US,2012,2554243,2474894.3333333335
COL,Denver,US,2013,2601465,2509296
COL,Denver,US,2014,2651392,2554979.3333333335
COL,Denver,US,2015,2703972,2602366.6666666665
COL,Denver,US,2016,2752056,2652276.3333333335
COL,Denver,US,2017,2798684,2702473.3333333335
COL,Denver,US,2018,2850221,2751570.6666666665
COL,Denver,US,2019,2892066,2800320.3333333335
COL,Denver,US,2020,2928437,2846990.3333333335
COL,Denver,US,2021,2936665,2890241.3333333335
COL,Denver,US,2022,2959386,2919056
COL,Denver,US,2023,2977085,2941496
COL,Denver,US,2024,3002721,2957712
DET,Detroit,US,2009,4452548,NA
DET,Detroit,US,2010,4345978,NA
DET,Detroit,US,2011,4320982,NA
DET,Detroit,US,2012,4304617,4373169.333333333
DET,Detroit,US,2013,4295700,4323859
DET,Detroit,US,2014,4292647,4307099.666666667
DET,Detroit,US,2015,4296416,4297654.666666667
DET,Detroit,US,2016,4296731,4294921
DET,Detroit,US,2017,4304613,4295264.666666667
DET,Detroit,US,2018,4317179,4299253.333333333
DET,Detroit,US,2019,4317848,4306174.333333333
DET,Detroit,US,2020,4317384,4313213.333333333
DET,Detroit,US,2021,4382832,4317470.333333333
DET,Detroit,US,2022,4375604,4339354.666666667
DET,Detroit,US,2023,4367620,4358606.666666667
DET,Detroit,US,2024,4376828,4375352
FLO,Miami,US,2009,5484777,NA
FLO,Miami,US,2010,5478869,NA
FLO,Miami,US,2011,5526089,NA
HOU,Houston,US,2009,5595262,NA
HOU,Houston,US,2010,5709313,NA
HOU,Houston,US,2011,5836814,NA
HOU,Houston,US,2012,5962416,5713796.333333333
HOU,Houston,US,2013,6063540,5836181
HOU,Houston,US,2014,6204141,5954256.666666667
HOU,Houston,US,2015,6346653,6076699
HOU,Houston,US,2016,6482592,6204778
HOU,Houston,US,2017,6636208,6344462
HOU,Houston,US,2018,6779104,6488484.333333333
HOU,Houston,US,2019,6884138,6632634.666666667
HOU,Houston,US,2020,6979613,6766483.333333333
HOU,Houston,US,2021,7048954,6880951.666666667
HOU,Houston,US,2022,7142603,6970901.666666667
HOU,Houston,US,2023,NA,7057056.666666667
HOU,Houston,US,2024,NA,NA
KCA,Kansas City,US,2009,2013797,NA
KCA,Kansas City,US,2010,1999718,NA
KCA,Kansas City,US,2011,2018661,NA
KCA,Kansas City,US,2012,2035166,2010725.3333333333
KCA,Kansas City,US,2013,2025297,2017848.3333333333
KCA,Kansas City,US,2014,2040869,2026374.6666666667
KCA,Kansas City,US,2015,2055675,2033777.3333333333
KCA,Kansas City,US,2016,2070147,2040613.6666666667
KCA,Kansas City,US,2017,2088830,2055563.6666666667
KCA,Kansas City,US,2018,2106632,2071550.6666666667
KCA,Kansas City,US,2019,2124518,2088536.3333333333
KCA,Kansas City,US,2020,2144129,2106660
KCA,Kansas City,US,2021,2176124,2125093
KCA,Kansas City,US,2022,2190750,2148257
KCA,Kansas City,US,2023,2202006,2170334.3333333335
KCA,Kansas City,US,2024,2218142,2189626.6666666665
LAA,Los Angeles,US,2009,12762126,NA
LAA,Los Angeles,US,2010,12723781,NA
LAA,Los Angeles,US,2011,12777695,NA
LAA,Los Angeles,US,2012,12861864,12754534
LAA,Los Angeles,US,2013,12945252,12787780
LAA,Los Angeles,US,2014,13060534,12861603.666666666
LAA,Los Angeles,US,2015,13154457,12955883.333333334
LAA,Los Angeles,US,2016,13189366,13053414.333333334
LAA,Los Angeles,US,2017,13261538,13134785.666666666
LAA,Los Angeles,US,2018,13262234,13201787
LAA,Los Angeles,US,2019,13249614,13237712.666666666
LAA,Los Angeles,US,2020,13211027,13257795.333333334
LAA,Los Angeles,US,2021,13202558,13240958.333333334
LAA,Los Angeles,US,2022,13111917,13221066.333333334
LAA,Los Angeles,US,2023,13012469,13175167.333333334
LAA,Los Angeles,US,2024,12974487,13108981.333333334
LAN,Los Angeles,US,2009,12762126,NA
LAN,Los Angeles,US,2010,12723781,NA
LAN,Los Angeles,US,2011,12777695,NA
LAN,Los Angeles,US,2012,12861864,12754534
LAN,Los Angeles,US,2013,12945252,12787780
LAN,Los Angeles,US,2014,13060534,12861603.666666666
LAN,Los Angeles,US,2015,13154457,12955883.333333334
LAN,Los Angeles,US,2016,13189366,13053414.333333334
LAN,Los Angeles,US,2017,13261538,13134785.666666666
LAN,Los Angeles,US,2018,13262234,13201787
LAN,Los Angeles,US,2019,13249614,13237712.666666666
LAN,Los Angeles,US,2020,13211027,13257795.333333334
LAN,Los Angeles,US,2021,13202558,13240958.333333334
LAN,Los Angeles,US,2022,13111917,13221066.333333334
LAN,Los Angeles,US,2023,13012469,13175167.333333334
LAN,Los Angeles,US,2024,12974487,13108981.333333334
MIA,Miami,US,2012,5598297,NA
MIA,Miami,US,2013,5673185,NA
MIA,Miami,US,2014,5775204,NA
MIA,Miami,US,2015,5861000,5682228.666666667
MIA,Miami,US,2016,5926955,5769796.333333333
MIA,Miami,US,2017,6019790,5854386.333333333
MIA,Miami,US,2018,6070944,5935915
MIA,Miami,US,2019,6090660,6005896.333333333
MIA,Miami,US,2020,6129858,6060464.666666667
MIA,Miami,US,2021,6105897,6097154
MIA,Miami,US,2022,6123949,6108805
MIA,Miami,US,2023,6138876,6119901.333333333
MIA,Miami,US,2024,6249291,6122907.333333333
MIL,Milwaukee,US,2009,1546312,NA
MIL,Milwaukee,US,2010,1539897,NA
MIL,Milwaukee,US,2011,1547501,NA
MIL,Milwaukee,US,2012,1554593,1544570
MIL,Milwaukee,US,2013,1560621,1547330.3333333333
MIL,Milwaukee,US,2014,1565368,1554238.3333333333
MIL,Milwaukee,US,2015,1570006,1560194
MIL,Milwaukee,US,2016,1571730,1565331.6666666667
MIL,Milwaukee,US,2017,1575101,1569034.6666666667
MIL,Milwaukee,US,2018,1575907,1572279
MIL,Milwaukee,US,2019,1575223,1574246
MIL,Milwaukee,US,2020,1576525,1575410.3333333333
MIL,Milwaukee,US,2021,1571784,1575885
MIL,Milwaukee,US,2022,1568940,1574510.6666666667
MIL,Milwaukee,US,2023,1566361,1572416.3333333333
MIL,Milwaukee,US,2024,1568938,1569028.3333333333
MIN,Minneapolis,US,2009,3202412,NA
MIN,Minneapolis,US,2010,3229181,NA
MIN,Minneapolis,US,2011,3259654,NA
MIN,Minneapolis,US,2012,3290811,3230415.6666666665
MIN,Minneapolis,US,2013,3391191,3259882
MIN,Minneapolis,US,2014,3424786,3313885.3333333335
MIN,Minneapolis,US,2015,3458790,3368929.3333333335
MIN,Minneapolis,US,2016,3488436,3424922.3333333335
MIN,Minneapolis,US,2017,3526149,3457337.3333333335
MIN,Minneapolis,US,2018,3557528,3491125
MIN,Minneapolis,US,2019,3573609,3524037.6666666665
MIN,Minneapolis,US,2020,3605450,3552428.6666666665
MIN,Minneapolis,US,2021,3659156,3578862.3333333335
MIN,Minneapolis,US,2022,3678328,3612738.3333333335
MIN,Minneapolis,US,2023,3693351,3647644.6666666665
MIN,Minneapolis,US,2024,3713668,3676945
NYA,New York,US,2009,18912644,NA
NYA,New York,US,2010,18700715,NA
NYA,New York,US,2011,18796078,NA
NYA,New York,US,2012,18923404,18803145.666666668
NYA,New York,US,2013,19716880,18806732.333333332
NYA,New York,US,2014,19865045,19145454
NYA,New York,US,2015,19979950,19501776.333333332
NYA,New York,US,2016,20031443,19853958.333333332
NYA,New York,US,2017,20192042,19958812.666666668
NYA,New York,US,2018,19990592,20067811.666666668
NYA,New York,US,2019,19294236,20071359
NYA,New York,US,2020,19261570,19825623.333333332
NYA,New York,US,2021,20011812,19515466
NYA,New York,US,2022,19908595,19522539.333333332
NYA,New York,US,2023,19756722,19727325.666666668
NYA,New York,US,2024,19798537,19892376.333333332
NYN,New York,US,2009,18912644,NA
NYN,New York,US,2010,18700715,NA
NYN,New York,US,2011,18796078,NA
NYN,New York,US,2012,18923404,18803145.666666668
NYN,New York,US,2013,19716880,18806732.333333332
NYN,New York,US,2014,19865045,19145454
NYN,New York,US,2015,19979950,19501776.333333332
NYN,New York,US,2016,20031443,19853958.333333332
NYN,New York,US,2017,20192042,19958812.666666668
NYN,New York,US,2018,19990592,20067811.666666668
NYN,New York,US,2019,19294236,20071359
NYN,New York,US,2020,19261570,19825623.333333332
NYN,New York,US,2021,20011812,19515466
NYN,New York,US,2022,19908595,19522539.333333332
NYN,New York,US,2023,19756722,19727325.666666668
NYN,New York,US,2024,19798537,19892376.333333332
OAK,Oakland,US,2009,4218534,NA
OAK,Oakland,US,2010,4244889,NA
OAK,Oakland,US,2011,4292964,NA
OAK,Oakland,US,2012,4348880,4252129
OAK,Oakland,US,2013,4402729,4295577.666666667
OAK,Oakland,US,2014,4466251,4348191
OAK,Oakland,US,2015,4528894,4405953.333333333
OAK,Oakland,US,2016,4577530,4465958
OAK,Oakland,US,2017,4641820,4524225
OAK,Oakland,US,2018,4673221,4582748
OAK,Oakland,US,2019,4701332,4630857
OAK,Oakland,US,2020,4709220,4672124.333333333
OAK,Oakland,US,2021,4725584,4694591
OAK,Oakland,US,2022,4692242,4712045.333333333
OAK,Oakland,US,2023,4653593,4709015.333333333
OAK,Oakland,US,2024,4645029,4690473
PHI,Philadelphia,US,2009,5910593,NA
PHI,Philadelphia,US,2010,5911638,NA
PHI,Philadelphia,US,2011,5938918,NA
PHI,Philadelphia,US,2012,5967349,5920383
PHI,Philadelphia,US,2013,5992766,5939301.666666667
PHI,Philadelphia,US,2014,6015336,5966344.333333333
PHI,Philadelphia,US,2015,6035680,5991817
PHI,Philadelphia,US,2016,6047721,6014594
PHI,Philadelphia,US,2017,6065644,6032912.333333333
PHI,Philadelphia,US,2018,6069448,6049681.666666667
PHI,Philadelphia,US,2019,6079130,6060937.666666667
PHI,Philadelphia,US,2020,6092403,6071407.333333333
PHI,Philadelphia,US,2021,6215222,6080327
PHI,Philadelphia,US,2022,6232894,6128918.333333333
PHI,Philadelphia,US,2023,6241882,6180173
PHI,Philadelphia,US,2024,6272014,6229999.333333333
PIT,Pittsburgh,US,2009,2360259,NA
PIT,Pittsburgh,US,2010,2358313,NA
PIT,Pittsburgh,US,2011,2357769,NA
PIT,Pittsburgh,US,2012,2357981,2358780.3333333335
PIT,Pittsburgh,US,2013,2358746,2358021
PIT,Pittsburgh,US,2014,2358793,2358165.3333333335
PIT,Pittsburgh,US,2015,2358926,2358506.6666666665
PIT,Pittsburgh,US,2016,2354926,2358821.6666666665
PIT,Pittsburgh,US,2017,2348143,2357548.3333333335
PIT,Pittsburgh,US,2018,2339941,2353998.3333333335
PIT,Pittsburgh,US,2019,2331447,2347670
PIT,Pittsburgh,US,2020,2324447,2339843.6666666665
PIT,Pittsburgh,US,2021,2366544,2331945
PIT,Pittsburgh,US,2022,2365501,2340812.6666666665
PIT,Pittsburgh,US,2023,2443921,2352164
PIT,Pittsburgh,US,2024,2439940,2391988.6666666665
SDN,San Diego,US,2009,NA,NA
SDN,San Diego,US,2010,NA,NA
SDN,San Diego,US,2011,NA,NA
SDN,San Diego,US,2012,NA,NA
SDN,San Diego,US,2013,NA,NA
SDN,San Diego,US,2014,NA,NA
SDN,San Diego,US,2015,NA,NA
SDN,San Diego,US,2016,NA,NA
SDN,San Diego,US,2017,NA,NA
SDN,San Diego,US,2018,NA,NA
SDN,San Diego,US,2019,3316073,NA
SDN,San Diego,US,2020,3323970,NA
SDN,San Diego,US,2021,3296317,NA
SDN,San Diego,US,2022,3289701,3312120
SDN,San Diego,US,2023,3282782,3303329.3333333335
SDN,San Diego,US,2024,3288774,3289600
SEA,Seattle,US,2009,3306836,NA
SEA,Seattle,US,2010,3356089,NA
SEA,Seattle,US,2011,3404443,NA
SEA,Seattle,US,2012,3453748,3355789.3333333335
SEA,Seattle,US,2013,3504628,3404760
SEA,Seattle,US,2014,3557037,3454273
SEA,Seattle,US,2015,3614361,3505137.6666666665
SEA,Seattle,US,2016,3671095,3558675.3333333335
SEA,Seattle,US,2017,3735216,3614164.3333333335
SEA,Seattle,US,2018,3809717,3673557.3333333335
SEA,Seattle,US,2019,3871323,3738676
SEA,Seattle,US,2020,3928498,3805418.6666666665
SEA,Seattle,US,2021,3971125,3869846
SEA,Seattle,US,2022,4001701,3923648.6666666665
SEA,Seattle,US,2023,4021467,3967108
SEA,Seattle,US,2024,4061920,3998097.6666666665
SFN,San Francisco,US,2009,4218534,NA
SFN,San Francisco,US,2010,4244889,NA
SFN,San Francisco,US,2011,4292964,NA
SFN,San Francisco,US,2012,4348880,4252129
SFN,San Francisco,US,2013,4402729,4295577.666666667
SFN,San Francisco,US,2014,4466251,4348191
SFN,San Francisco,US,2015,4528894,4405953.333333333
SFN,San Francisco,US,2016,4577530,4465958
SFN,San Francisco,US,2017,4641820,4524225
SFN,San Francisco,US,2018,4673221,4582748
SFN,San Francisco,US,2019,4701332,4630857
SFN,San Francisco,US,2020,4709220,4672124.333333333
SFN,San Francisco,US,2021,4725584,4694591
SFN,San Francisco,US,2022,4692242,4712045.333333333
SFN,San Francisco,US,2023,4653593,4709015.333333333
SFN,San Francisco,US,2024,4645029,4690473
SLN,St. Louis,US,2009,2803776,NA
SLN,St. Louis,US,2010,2792309,NA
SLN,St. Louis,US,2011,2801982,NA
SLN,St. Louis,US,2012,2810367,2799355.6666666665
SLN,St. Louis,US,2013,2792127,2801552.6666666665
SLN,St. Louis,US,2014,2797737,2801492
SLN,St. Louis,US,2015,2801914,2800077
SLN,St. Louis,US,2016,2803449,2797259.3333333335
SLN,St. Louis,US,2017,2804998,2801033.3333333335
SLN,St. Louis,US,2018,2805551,2803453.6666666665
SLN,St. Louis,US,2019,2805190,2804666
SLN,St. Louis,US,2020,2806349,2805246.3333333335
SLN,St. Louis,US,2021,2815627,2805696.6666666665
SLN,St. Louis,US,2022,2813523,2809055.3333333335
SLN,St. Louis,US,2023,2809414,2811833
SLN,St. Louis,US,2024,2810850,2812854.6666666665
TBA,Tampa Bay,US,2009,2702390,NA
TBA,Tampa Bay,US,2010,2745350,NA
TBA,Tampa Bay,US,2011,2770114,NA
TBA,Tampa Bay,US,2012,2793814,2739284.6666666665
TBA,Tampa Bay,US,2013,2819241,2769759.3333333335
TBA,Tampa Bay,US,2014,2851235,2794389.6666666665
TBA,Tampa Bay,US,2015,2888458,2821430
TBA,Tampa Bay,US,2016,2927714,2852978
TBA,Tampa Bay,US,2017,2978209,2889135.6666666665
TBA,Tampa Bay,US,2018,3030047,2931460.3333333335
TBA,Tampa Bay,US,2019,3097859,2978656.6666666665
TBA,Tampa Bay,US,2020,3152928,3035371.6666666665
TBA,Tampa Bay,US,2021,3146074,3093611.3333333335
TBA,Tampa Bay,US,2022,3194310,3132287
TBA,Tampa Bay,US,2023,3240469,3164437.3333333335
TBA,Tampa Bay,US,2024,3304691,3193617.6666666665
TEX,Texas,US,2009,6144234,NA
TEX,Texas,US,2010,6154265,NA
TEX,Texas,US,2011,6280597,NA
TEX,Texas,US,2012,6400781,6193032
TEX,Texas,US,2013,6575833,6278547.666666667
TEX,Texas,US,2014,6703020,6419070.333333333
TEX,Texas,US,2015,6833420,6559878
TEX,Texas,US,2016,6957123,6704091
TEX,Texas,US,2017,7104415,6831187.666666667
TEX,Texas,US,2018,7255028,6964986
TEX,Texas,US,2019,7320663,7105522
TEX,Texas,US,2020,7451858,7226702
TEX,Texas,US,2021,7543340,7342516.333333333
TEX,Texas,US,2022,7673379,7438620.333333333
TEX,Texas,US,2023,7807555,7556192.333333333
TEX,Texas,US,2024,7985590,7674758
TOR,Toronto,CA,2009,5589641,NA
TOR,Toronto,CA,2010,5682330,NA
TOR,Toronto,CA,2011,5769176,NA
TOR,Toronto,CA,2012,5852887,5680382.333333333
TOR,Toronto,CA,2013,5930812,5768131
TOR,Toronto,CA,2014,5996941,5850958.333333333
TOR,Toronto,CA,2015,6045256,5926880
TOR,Toronto,CA,2016,6122329,5991003
TOR,Toronto,CA,2017,6202798,6054842
TOR,Toronto,CA,2018,6313488,6123461
TOR,Toronto,CA,2019,6426293,6212871.666666667
TOR,Toronto,CA,2020,6491939,6314193
TOR,Toronto,CA,2021,6472951,6410573.333333333
TOR,Toronto,CA,2022,6591642,6463727.666666667
TOR,Toronto,CA,2023,6840723,6518844
TOR,Toronto,CA,2024,7109866,6635105.333333333
WAS,Washington,US,2009,5332297,NA
WAS,Washington,US,2010,5416691,NA
WAS,Washington,US,2011,5503801,NA
WAS,Washington,US,2012,5603696,5417596.333333333
WAS,Washington,US,2013,5759330,5508062.666666667
WAS,Washington,US,2014,5863608,5622275.666666667
WAS,Washington,US,2015,5949403,5742211.333333333
WAS,Washington,US,2016,6011752,5857447
WAS,Washington,US,2017,6090196,5941587.666666667
WAS,Washington,US,2018,6138382,6017117
WAS,Washington,US,2019,6196585,6080110
WAS,Washington,US,2020,6250309,6141721
WAS,Washington,US,2021,6332069,6195092
WAS,Washington,US,2022,6346083,6259654.333333333
WAS,Washington,US,2023,6263796,6309487
WAS,Washington,US,2024,6318377,6313982.666666667
